Image_name|caption_number|caption
Q001.jpg|0|Institut Teknologi Sepuluh Nopember (ITS) adalah sebuah lembaga pendidikan tinggi yang berlokasi di Surabaya, Jawa Timur.
Q001.jpg|1|Fasilitas ITS memiliki banyak fasilitas yang modern dan terbaru, termasuk pemeliharaan kampus yang sangat menarik.
Q001.jpg|2|Mahasiswa ITS mengalami pengembangan karakter dan kompetensi yang cukup tinggi.
Q001.jpg|3|Rektor ITS memiliki visi dan misi yang terbuka untuk menjadi lembaga pendidikan terbaik di Indonesia.
Q001.jpg|4|Kampus ITS memiliki lingkungan yang nyaman dan ramah, termasuk fasilitas kemasycaraan yang lengkap.
Q002.jpg|0|Selamat datang ke ITS, kami sangat menghargai berkunjungan Anda.
Q002.jpg|1|Kami berharap bisa memberikan informasi yang membantu Anda dalam pencarian program studi yang tepat untuk Anda.
Q002.jpg|2|Jangan ragu untuk bertanya apa saja, kami siap membantu Anda.
Q002.jpg|3|Kami berharap bisa menjadi teman-teman Anda dalam perjalanan pendidikan Anda di ITS.
Q002.jpg|4|Terima kasih telah berkunjungi ke ITS, semoga Anda dapat mencari program studi yang sesuai untuk Anda.
Q003.jpg|0|Wisuda 124
Q003.jpg|1|Kaprodi ITS
Q003.jpg|2|Mahasiswa yang menerima pencakapan
Q003.jpg|3|Rektor ITS
Q003.jpg|4|Bangunan ITS
Q004.jpg|0|Institut Teknologi Sepuluh Nopember (ITS) merupakan sebuah lembaga pendidikan tinggi yang berlokasi di Surabaya, Indonesia.
Q004.jpg|1|ITS memiliki bangunan yang menarik dengan arsitektur modern dan senyap.
Q004.jpg|2|Fasilitas di ITS terdiri dari beberapa bangunan yang tersebar di kampusnya, termasuk gedung-gedung yang memiliki tingkat jendela yang beragam.
Q004.jpg|3|ITS menjadi salah satu lembaga pendidikan tinggi terdepan di Indonesia, dengan fokus pada teknologi dan inovasi.
Q004.jpg|4|Kemampuan ITS dalam mencapai visi-visinya melalui program-program yang berbeda, termasuk program studi yang menarik siswa-siswa.
Q005.jpg|0|Institut Teknologi Sepuluh Nopember (ITS) adalah sebuah lembaga pendidikan tinggi yang berfungsi dalam bidang teknologi dan inovasi.
Q005.jpg|1|ITS memiliki banyak fasilitas dan program studi yang menarik mahasiswa untuk menjadi profesional di bidang teknik.
Q005.jpg|2|ITS terletak di Surabaya, Jawa Timur, Indonesia.
Q005.jpg|3|ITS memiliki sejarah yang panjang dan telah berperan dalam pengembangan teknologi di Indonesia.
Q005.jpg|4|ITS berkomitmen untuk meningkatkan kualitas kehidupan masyarakat melalui penelitian, pengembangan, dan penerapan teknologi.
Q006.jpg|0|Institut Teknologi Sepuluh Nopember, sekolah tinggi yang berlokasi di Surabaya, Indonesia.
Q006.jpg|1|Mahasiswa-mahasiswa ITS sedang membicara tentang tugas akhir dengan pemerintahan.
Q006.jpg|2|Rektor ITS mendorongkan keadilan dan kualitas tinggi dalam pendidikan.
Q006.jpg|3|Dosen-dosen ITS berusaha untuk menjaga kualitas tinggi dalam pengajaran dan penelitian.
Q006.jpg|4|Wisudawan ITS membantu mahasiswa-mahasiswa dalam menemukan solusi untuk masalah yang berbeda.
Q007.jpg|0|Maaf, saya tidak bisa membantu Anda dalam mencari informasi tentang gambar ini. Namun, jika Anda ingin tahu apa yang terjadi di gambar atau memiliki pertanyaan lain, silakan bertanya lagi!
Q007.jpg|1|Maaf, saya tidak bisa membantu Anda dalam mencari informasi tentang gambar ini. Namun, jika Anda ingin tahu apa yang terjadi di gambar atau memiliki pertanyaan lain, silakan bertanya lagi!
Q007.jpg|2|Maaf, saya tidak bisa membantu Anda dalam mencari informasi tentang gambar ini. Namun, jika Anda ingin tahu apa yang terjadi di gambar atau memiliki pertanyaan lain, silakan bertanya lagi!
Q007.jpg|3|Maaf, saya tidak bisa membantu Anda dalam mencari informasi tentang gambar ini. Namun, jika Anda ingin tahu apa yang terjadi di gambar atau memiliki pertanyaan lain, silakan bertanya lagi!
Q007.jpg|4|Maaf, saya tidak bisa membantu Anda dalam mencari informasi tentang gambar ini. Namun, jika Anda ingin tahu apa yang terjadi di gambar atau memiliki pertanyaan lain, silakan bertanya lagi!
Q008.jpg|0|Maaf, saya tidak bisa membantu Anda mencari informasi tentang gambar ini.
Q008.jpg|1|Maaf, saya tidak bisa membantu Anda mencari informasi tentang gambar ini.
Q008.jpg|2|Maaf, saya tidak bisa membantu Anda mencari informasi tentang gambar ini.
Q008.jpg|3|Maaf, saya tidak bisa membantu Anda mencari informasi tentang gambar ini.
Q008.jpg|4|Maaf, saya tidak bisa membantu Anda mencari informasi tentang gambar ini.
Q009.jpg|0|Institut Teknologi Sepuluh Nopember
Q009.jpg|1|Kampus ITS terletak di Surabaya, Jawa Timur
Q009.jpg|2|Fasilitas yang modern dan terintegrasi dengan lingkungan
Q009.jpg|3|Mahasiswa dan dosen berprestasi
Q009.jpg|4|Inovasi dan kreativitas dalam pembelajaran dan penelitian
Q010.jpg|0|Selamat datang ke ITS, kami sangat bersedia untuk membimbing Anda dalam mencapai tujuan-tujuan Anda.
Q010.jpg|1|Kami berharap dapat memberikan informasi yang akurat dan terpercaya untuk Anda.
Q010.jpg|2|Jika Anda memiliki pertanyaan atau pertimbuan, jangan ragu untuk bertanya kepada kami.
Q010.jpg|3|Kami akan berusaha untuk memberikan informasi yang akurat dan terpercaya.
Q010.jpg|4|Terima kasih telah hadir di ITS, dan kami sangat bersedia untuk membantu Anda dalam mencapai tujuan-tujuan Anda.
Q011.jpg|0|Maaf, saya tidak bisa membantu Anda dalam mencari informasi tentang gambar yang Anda berikan. Namun, jika Anda ingin tahu tentang Institut Teknologi Sepuluh Nopember (ITS), saya dapat memberikan informasi secara umum tentang institusi tersebut.
Q011.jpg|1|Institut Teknologi Sepuluh Nopember (ITS) adalah sebuah lembaga pendidikan tinggi di Indonesia yang berlisensi dalam bidang teknologi dan inovasi. Didirikan pada tahun 1963, ITS merupakan salah satu lembaga pendidikan terdepan di Indonesia dengan jumlah mahasiswa yang sangat besar dan berprestasi dalam bidang teknologi.
Q011.jpg|2|Institut ini memiliki fasilitas dan program studi yang bervariasi, termasuk program studi di bidang teknik, ilmu pengetakan, ilmu komputer, ilmu sosial, ilmu kesehatan, dan lain-lain. ITS juga memiliki beberapa fakultas yang berbeda, termasuk Fakultas Teknik, Fakultas Ilmu Pengetakan, Fakultas Ilmu Komputer, dan Fakultas Kesehatan.
Q011.jpg|3|Selain itu, ITS memiliki beberapa fasilitas yang modern dan terbaru, termasuk perpustakaan, laboratorium, dan ruangan pengembangan teknologi. Institut ini juga memiliki beberapa program studi internasional yang berbeda, termasuk program studi di bidang ilmu pengetakan, ilmu komputer, dan lain-lain.
Q011.jpg|4|Jadi, jika Anda ingin tahu lebih lanjut tentang ITS atau mencari informasi tentang institusi ini, silakan bertanya kepada pihak yang berwenang dalam hal tersebut.
Q012.jpg|0|Selamat datang kepada pengunjung ITS! Kami ingin memberikan umpan bala dan dukungan yang terbaik untuk Anda. Jangan ragu untuk bertanya-tanya atau mendapat informasi lebih lanjut di pesta ini. Terima kasih telah hadir, dan semoga berhasil dalam kegiatan Anda hari ini!
Q012.jpg|1|Selamat datang kepada pengunjung ITS! Kami ingin memberikan umpan bala dan dukungan yang terbaik untuk Anda. Jangan ragu untuk bertanya-tanya atau mendapat informasi lebih lanjut di pesta ini. Terima kasih telah hadir, dan semoga berhasil dalam kegiatan Anda hari ini!
Q012.jpg|2|Selamat datang kepada pengunjung ITS! Kami ingin memberikan umpan bala dan dukungan yang terbaik untuk Anda. Jangan ragu untuk bertanya-tanya atau mendapat informasi lebih lanjut di pesta ini. Terima kasih telah hadir, dan semoga berhasil dalam kegiatan Anda hari ini!
Q012.jpg|3|Selamat datang kepada pengunjung ITS! Kami ingin memberikan umpan bala dan dukungan yang terbaik untuk Anda. Jangan ragu untuk bertanya-tanya atau mendapat informasi lebih lanjut di pesta ini. Terima kasih telah hadir, dan semoga berhasil dalam kegiatan Anda hari ini!
Q012.jpg|4|Selamat datang kepada pengunjung ITS! Kami ingin memberikan umpan bala dan dukungan yang terbaik untuk Anda. Jangan ragu untuk bertanya-tanya atau mendapat informasi lebih lanjut di pesta ini. Terima kasih telah hadir, dan semoga berhasil dalam kegiatan Anda hari ini!
Q013.jpg|0|Maaf, saya tidak bisa membantu Anda dalam mencari informasi tentang gambar yang Anda berikan.
Q013.jpg|1|Maaf, saya tidak bisa membantu Anda dalam mencari informasi tentang gambar yang Anda berikan.
Q013.jpg|2|Maaf, saya tidak bisa membantu Anda dalam mencari informasi tentang gambar yang Anda berikan.
Q013.jpg|3|Maaf, saya tidak bisa membantu Anda dalam mencari informasi tentang gambar yang Anda berikan.
Q013.jpg|4|Maaf, saya tidak bisa membantu Anda dalam mencari informasi tentang gambar yang Anda berikan.
Q014.jpg|0|Institut Teknologi Sepuluh Nopember, sekolah tinggi yang berpengaruh dalam bidang teknologi di Indonesia.
Q014.jpg|1|Mahasiswa ITS memiliki kualitas pendidikan yang terbaik dengan fasilitas dan keahlian yang terulet.
Q014.jpg|2|Rektor ITS, Dr. Ir. Dewara Agung, sangat berusaha untuk meningkatkan kualitas pendidikan di ITS.
Q014.jpg|3|Dosen-dosen ITS memiliki keahlian yang terulet dalam bidang teknologi dan inovasi.
Q014.jpg|4|Mahasiswa ITS telah mengembangkan berbagai produk dan solusi inovatif di bidang teknologi.
Q015.jpg|0|Deskripsi gambar: Gambar ini menunjukkan dua orang yang sedang membaca buku. Orang kiri adalah seorang laki-laki, sedangkan orang kanan adalah seorang perempuan. Keduanya mengenakan pakaian formal, yaitu seragam pekerjaan dengan tudung.
Q015.jpg|1|Deskripsi gambar: Gambar ini menunjukkan dua orang yang sedang membaca buku. Orang kiri adalah seorang laki-laki, sedangkan orang kanan adalah seorang perempuan. Keduanya mengenakan pakaian formal, yaitu seragam pekerjaan dengan tudung.
Q015.jpg|2|Deskripsi gambar: Gambar ini menunjukkan dua orang yang sedang membaca buku. Orang kiri adalah seorang laki-laki, sedangkan orang kanan adalah seorang perempuan. Keduanya mengenakan pakaian formal, yaitu seragam pekerjaan dengan tudung.
Q015.jpg|3|Deskripsi gambar: Gambar ini menunjukkan dua orang yang sedang membaca buku. Orang kiri adalah seorang laki-laki, sedangkan orang kanan adalah seorang perempuan. Keduanya mengenakan pakaian formal, yaitu seragam pekerjaan dengan tudung.
Q015.jpg|4|Deskripsi gambar: Gambar ini menunjukkan dua orang yang sedang membaca buku. Orang kiri adalah seorang laki-laki, sedangkan orang kanan adalah seorang perempuan. Keduanya mengenakan pakaian formal, yaitu seragam pekerjaan dengan tudung.
Q016.jpg|0|Institut Teknologi Sepuluh Nopember, Surabaya
Q016.jpg|1|Mahasiswa ITS yang berkebangan di depan bangunan
Q016.jpg|2|Rektor dan Dosen ITS
Q016.jpg|3|Suasana kegiatan akademik di ITS
Q016.jpg|4|Keluargaan Mahasiswa ITS
Q017.jpg|0|Institut Teknologi Sepuluh Nopember
Q017.jpg|1|Kampus ITS Surabaya
Q017.jpg|2|Teknik Sipil
Q017.jpg|3|Bangunan yang menarik
Q017.jpg|4|Peserta lulusan ITS
Q018.jpg|0|Selamat datang ke ITS, saya sangat menghargai pengunjungan Anda!
Q018.jpg|1|Kami berharap bahwa Anda dapat merasa sejak datang ke ITS.
Q018.jpg|2|Jangan ragu untuk bertanya apa saja, kami siap membantu Anda.
Q018.jpg|3|Sekarang, mari bicara tentang program studi yang tepat untuk Anda di ITS.
Q018.jpg|4|Terima kasih telah datang ke ITS, saya sangat menghargai pengunjungan Anda!
Q019.jpg|0|Selamat datang ke ITS, saya sangat bersenang-senang untuk menjadi mahasiswa di sini.
Q019.jpg|1|Kami berharap dapat membentuk kemampuan yang berkualitas di ITS.
Q019.jpg|2|Saya ingin mempelajari dan mengembangkan diri saya di ITS.
Q019.jpg|3|Berikut adalah foto dari saya dan teman saya di ITS.
Q019.jpg|4|Kami sangat bersenang-senang untuk menjadi mahasiswa yang berprestasi di ITS.
Q020.jpg|0|1. Institut Teknologi Sepuluh Nopember (ITS) merupakan sebuah lembaga pendidikan tinggi yang berlokasi di Surabaya, Jawa Timur.
Q020.jpg|1|ITS memiliki banyak program studi yang menarik mahasiswa untuk menjadi profesional teknik dan inovator.
Q020.jpg|2|ITS telah meluncurkan beberapa proyek inovatif di bidang teknologi, termasuk pengembangan solusi terbaru dalam bidang energi alternatif.
Q020.jpg|3|Mahasiswa ITS telah mendapatkan banyak prestasi di luar negeri, termasuk menjadi salah satu tim yang berhasil menjalin proyek inovatif di bidang teknologi.
Q020.jpg|4|ITS memiliki fasilitas dan karyawan yang kompeten untuk memberikan pendidikan terbaik kepada mahasiswa.
Q021.jpg|0|Zona Khas Its
Q021.jpg|1|Kuliner Halal
Q021.jpg|2|Rumah Makan
Q021.jpg|3|Kelas Pendidikan Islam
Q021.jpg|4|Bangunan Pemerintahan
Q022.jpg|0|Institut Teknologi Sepuluh Nopember
Q022.jpg|1|Kelas yang berbeda dari satu sama lain
Q022.jpg|2|Pakaian yang sangat formal dan identik
Q022.jpg|3|Mereka mengenalkan salah satu pihak
Q022.jpg|4|Sukarelawatan yang menunjukkan bahwa ada kegiatan yang sedang berlangsung di luar ruangan
Q023.jpg|0|Institut Teknologi Sepuluh Nopember
Q023.jpg|1|Dua mahasiswa ITS menjadi pemimpin
Q023.jpg|2|Pemimpin-pemimpin berusahaan untuk membangun kelas
Q023.jpg|3|Kegiatan di luar ruangan
Q023.jpg|4|Mereka berkualitas dan berkecimpatan
Q024.jpg|0|Institut Teknologi Sepuluh Nopember
Q024.jpg|1|Jl. Raya Pahlawan 33, Surabaya
Q024.jpg|2|Telp: 031-5744689
Q024.jpg|3|Email: its@its.ac.id
Q024.jpg|4|Website: www.its.ac.id
Q025.jpg|0|Institut Teknologi Sepuluh Nopember (ITS) merupakan sebuah lembaga pendidikan tinggi yang berlokasi di Surabaya, Indonesia.
Q025.jpg|1|ITS memiliki banyak fasilitas dan infrastruktur yang menarik, termasuk kampus yang terlihat dari gambar ini.
Q025.jpg|2|Kampus ITS memiliki banyak fasilitas, seperti gedung-gedung yang beragam, pemerintahan, dan lainnya.
Q025.jpg|3|Kebutuhan ajaran di ITS sangatlah melimpah, dengan mahasiswa yang banyak dan berbagai kelas.
Q025.jpg|4|ITS memiliki banyak program studi yang menarik, termasuk ilustrasi pada gambar ini yang menunjukkan keindahan kampusnya.
Q026.jpg|0|Institut Teknologi Sepuluh Nopember
Q026.jpg|1|Kegiatan ini adalah acara pembukaan fakultas baru di ITS.
Q026.jpg|2|Mahasiswa dan dosen-dosen menyambut kegiatan pembukaan fakultas baru.
Q026.jpg|3|Peserta-peserta dapat dilihat berkelanjutan dengan menggunakan kostum yang berwarna.
Q026.jpg|4|Kegiatan ini dilaksanakan di taman pemerintahan ITS.
Q027.jpg|0|Selamat datang ke ITS, saya sangat bersenang-senang untuk berkunjungi ke sini.
Q027.jpg|1|Saya ingin mengikuti program studi di ITS yang memiliki reputasi yang sangat baik.
Q027.jpg|2|Saya berharap dapat menjadi seorang mahasiswa yang berkualitas dan berprestasi di ITS.
Q027.jpg|3|Saya ingin mengalami pengalaman yang menyenangkan di ITS, mulai dari kehidupan sosial hingga akademik.
Q027.jpg|4|Saya akan bekerja keras dan bersinergasi untuk menjadi seorang mahasiswa terbaik di ITS.
Q028.jpg|0|Institut Teknologi Sepuluh Nopember (ITS) merupakan sebuah universitas yang terletak di Surabaya, Jawa Timur.
Q028.jpg|1|Mahasiswa ITS mengenalkan rektor dan siswa di depannya.
Q028.jpg|2|Rektor ITS sedang menjawab pertanyaan dari mahasiswa.
Q028.jpg|3|Siswa ITS beraksi menunjukkan bahwa dia senang dengan rektor.
Q028.jpg|4|Lingkungan di sekitar ITS terlihat menarik dan ramah, membuatnya menjadi tempat yang cocok untuk belajar dan beraktivitas.
Q029.jpg|0|Institut Teknologi Sepuluh Nopember, sebuah lembaga pendidikan tinggi yang berlokasi di Surabaya, Indonesia.
Q029.jpg|1|Selamat datang ke ITS, kami sangat menghargai dan bersedia membantu Anda dalam mencari informasi tentang program studi atau fakultas yang Anda tertarik.
Q029.jpg|2|Kami memiliki berbagai program studi yang dapat Anda pilih, termasuk Teknik, Arsitektur, Manajemen, dan lain-lain.
Q029.jpg|3|Jangan ragu untuk bertanya kepada kami, karena kami siap membantu Anda dalam menentukan program studi yang tepat untuk Anda.
Q029.jpg|4|Selamat mencoba! Kami sangat berharap Anda dapat menemukan informasi yang bermanfaat di ITS.
Q030.jpg|0|Deskripsi gambar:
Q030.jpg|1|Institut Teknologi Sepuluh Nopember
Q030.jpg|2|Fakultas Teknik
Q030.jpg|3|Mahasiswa dan Dosen
Q030.jpg|4|Kegiatan Akademik
Q031.jpg|0|Institut Teknologi Sepuluh Nopember
Q031.jpg|1|Mahasiswa yang berkelas untuk menjadi pemimpin terbaik
Q031.jpg|2|Komitmen dan kecerdasan adalah kunci kepada sukses
Q031.jpg|3|Bersama-sama, kita akan membangun masa depan yang lebih baik
Q031.jpg|4|Selamat bersama, karena kita merasa senang dan berkomitmen untuk mencapai tujuan
Q032.jpg|0|Institut Teknologi Sepuluh Nopember
Q032.jpg|1|Terbuka pada tahun 1965
Q032.jpg|2|Menerima mahasiswa dan mahasiswa
Q032.jpg|3|Berlokasi di Surabaya
Q032.jpg|4|Memiliki fasilitas yang modern dan terbaik
Q033.jpg|0|Institut Teknologi Sepuluh Nopember
Q033.jpg|1|Bangunan ini adalah pusat penelitian dan pembelajaran ITSP
Q033.jpg|2|Kampus itu terletak di daerah yang sangat strategis
Q033.jpg|3|Fasilitasnya memiliki kualitas yang tinggi
Q033.jpg|4|ITSP adalah salah satu universitas terdepan di Indonesia
Q034.jpg|0|Institut Teknologi Sepuluh Nopember
Q034.jpg|1|Kampus ITS
Q034.jpg|2|Bangunan ITS
Q034.jpg|3|Research Institute
Q034.jpg|4|Selamat datang ke ITS
Q035.jpg|0|Institut Teknologi Sepuluh Nopember
Q035.jpg|1|Kemampuan dan Kreativitas
Q035.jpg|2|Inovasi dan Inovasinya
Q035.jpg|3|Pendidikan dan Pengembangan
Q035.jpg|4|Berkualitas dan Berprestasi
Q036.jpg|0|Institut Teknologi Sepuluh Nopember
Q036.jpg|1|Selamat datang ke IT SENAI
Q036.jpg|2|Kami menyediakan pendidikan tinggi yang terbaik
Q036.jpg|3|Berkualitas, berprestasi dan bersaing
Q036.jpg|4|IT SENAI, kemajuanmu adalah kita
Q037.jpg|0|Institut Teknologi Sepuluh Nopember, sebuah lembaga pendidikan tinggi yang berdiri di Surabaya, Indonesia.
Q037.jpg|1|Dalam menjadi pusat penelitian dan pengembangan teknologi terdepan, ITS memiliki fasilitas dan kemahaman yang luar biasa.
Q037.jpg|2|Selain itu, ITS juga memiliki banyak program studi yang menarik, termasuk Teknik Informatika, Arsitektur, dan Teknik Mesin.
Q037.jpg|3|Dengan fokus pada inovasi dan kreativitas, ITS telah mengembangkan berbagai produk dan teknologi yang unik.
Q037.jpg|4|Selain itu, ITS juga memiliki banyak fasilitas lainnya, termasuk pusat pengembangan inovasi dan kemahaman yang menarik.
Q038.jpg|0|Institut Teknologi Sepuluh Nopember
Q038.jpg|1|Kampus ITS, Surabaya
Q038.jpg|2|Bangunan ITS, Surabaya
Q038.jpg|3|Mahasiswa ITS, Surabaya
Q038.jpg|4|Rektor ITS, Surabaya
Q039.jpg|0|Institut Teknologi Sepuluh Nopember (ITS) merupakan sebuah lembaga pendidikan tinggi yang berdiri di Surabaya, Jawa Timur.
Q039.jpg|1|ITS memiliki banyak fasilitas dan infrastruktur yang modern dan terlengkap.
Q039.jpg|2|Kemampuan ITS dalam bidang teknologi dan ilmu pengetahuan sangat tinggi.
Q039.jpg|3|ITS menjadi salah satu lembaga pendidikan tinggi terdepan di Indonesia.
Q039.jpg|4|Berbagai macam program studi yang dapat dipilih di ITS, membuatnya menjadi pilihan yang sangat menarik bagi mahasiswa-mahasiswa.
Q040.jpg|0|Institut Teknologi Sepuluh Nopember (ITS) merupakan salah satu universitas terdepan di Indonesia yang memiliki banyak prestasi dalam bidang teknologi dan inovasi.
Q040.jpg|1|ITS menjadi pemimpin dalam bidang inovasi dan kreativitas, dengan berbagai program studi yang menarik mahasiswa untuk meningkatkan keterampilan dan kualitas keahlian mereka.
Q040.jpg|2|Selain itu, ITS memiliki fasilitas dan infrastruktur yang modern dan terbaik, dengan berbagai fasilitas pendidikan dan kemasyarakatan bagi mahasiswa.
Q040.jpg|3|Universitas ini telah menjadi salah satu universitas terdepan di Indonesia dalam bidang teknologi, dengan berbagai program studi yang menarik dan meningkatkan kualitas keahlian mahasiswa.
Q040.jpg|4|ITS memiliki banyak prestasi dalam bidang inovasi dan kreativitas, dengan berbagai program studi yang menarik mahasiswa untuk meningkatkan keterampilan dan kualitas keahlian mereka.
Q041.jpg|0|Berikut adalah lima kalimat yang berbeda dalam bahasa Indonesia tentang Institut Teknologi Sepuluh Nopember:
Q041.jpg|1|Institut Teknologi Sepuluh Nopember, sebuah lembaga pendidikan tinggi di Indonesia.
Q041.jpg|2|Selamat datang ke ITS, tempat belajar dan berbagai macam kegiatan akademik yang terkait dengan teknologi.
Q041.jpg|3|Kami menyediakan pelatihan dan pendidikan untuk mahasiswa-mahasiswa yang ingin berkembangan dalam bidang teknik.
Q041.jpg|4|ITs, sebuah lembaga pendidikan tinggi yang memiliki fasilitas dan sarana belajar yang modern.
Q042.jpg|0|Deskripsi gambar:
Q042.jpg|1|Gambar ini menunjukkan bangunan yang memiliki spanduk atasnya dengan logo ITS yang berwarna blue dan merah.
Q042.jpg|2|Spanduk tersebut menggunakan huruf ITS yang berarti Institut Teknologi Sepuluh Nopember.
Q042.jpg|3|Bendera pada depan bangunan menunjukkan empat warna, yaitu merah, putih, hitam, dan kuning.
Q042.jpg|4|Pakaian di gambar adalah seperti kostum pekerjaan atau uniform, dengan warna yang mencerminkan pada bangunan tersebut.
Q043.jpg|0|Institut Teknologi Sepuluh Nopember
Q043.jpg|1|Kampus ITS
Q043.jpg|2|Jl. Raya ITS
Q043.jpg|3|Bangunan ITS
Q043.jpg|4|Mahasiswa ITS
Q044.jpg|0|Institut Teknologi Sepuluh Nopember
Q044.jpg|1|Kampus ITS
Q044.jpg|2|Selamat Datang ke Kampus ITS
Q044.jpg|3|Jalan Pengunjian
Q044.jpg|4|Kampus ITS
Q045.jpg|0|Deskripsi:
Q045.jpg|1|Institut Teknologi Sepuluh Nopember
Q045.jpg|2|Bangunan yang memiliki spanduk dengan logo yang berwarna biru dan kuning, dengan tulisan pada spanduk yang menyebutkan nama institusi tersebut.
Q045.jpg|3|Tekst di spanduk yang menggunakan huruf besar untuk menyebutkan nama institusi dan logo, dengan warna biru dan kuning yang memiliki tulisan pada bagian atasnya.
Q045.jpg|4|Bangunan yang terlihat adalah gedung yang berwarna putih, dengan spanduk yang terpasang di atasnya.
Q046.jpg|0|Institut Teknologi Sepuluh Nopember
Q046.jpg|1|Selamat Datang ke ITS
Q046.jpg|2|Kami Berusaha Menjadi Peserta Terbaik
Q046.jpg|3|Bersama Kita, Bersama Masyarakat
Q046.jpg|4|Berikut Ini Adalah Tujuan Kami
Q047.jpg|0|Institut Teknologi Sepuluh Nopember, sebuah lembaga pendidikan tinggi yang berlokasi di Surabaya, Indonesia.
Q047.jpg|1|Kampus ITS memiliki fasilitas berkualitas, termasuk fasilitas sport yang menarik.
Q047.jpg|2|Parkir latih di kampus ITS adalah salah satu fasilitas sport yang terkenal.
Q047.jpg|3|Banyak mahasiswa dan dosen yang berkualitas berjalan di kampus ITS setiap hari.
Q047.jpg|4|Kampus ITS memiliki suasana yang menyenangkan, dengan pemandian yang nyaman dan lingkungan yang terlihat sejahtera.
Q048.jpg|0|Institut Teknologi Sepuluh Nopember
Q048.jpg|1|Bangunan yang memiliki spanduk dengan logo ITS di atasnya.
Q048.jpg|2|Terlihat adanya banyak pohon dan tumbuhan di sekitar gedung.
Q048.jpg|3|Dewasa yang sedang berjalan di depan gedung.
Q048.jpg|4|Suasana yang menunjukkan hari yang cerah dengan cuaca yang cukup panas.
Q049.jpg|0|Institut Teknologi Sepuluh Nopember, ITS
Q049.jpg|1|Institut Teknologi Sepuluh Nopember, ITS
Q049.jpg|2|Institut Teknologi Sepuluh Nopember, ITS
Q049.jpg|3|Institut Teknologi Sepuluh Nopember, ITS
Q049.jpg|4|Institut Teknologi Sepuluh Nopember, ITS
Q050.jpg|0|Selamat datang ke ITSU
Q050.jpg|1|Kami berharap bahwa Anda menjadi seorang yang sukses di ITSU
Q050.jpg|2|ITSU, kampus terbaik di Indonesia
Q050.jpg|3|Berkualitas dan inovatif
Q050.jpg|4|Jadilah ITSU, jadilah ITSU
Q051.jpg|0|Institut Teknologi Sepuluh Nopember
Q051.jpg|1|Kelas yang berbeda, berkualitas yang tinggi
Q051.jpg|2|Mahasiswa dan dosen-dosen yang berpengalaman
Q051.jpg|3|Fakultas yang terkemuka di Indonesia
Q051.jpg|4|Inovasi dan inovasi untuk menjadi pemimpin dunia
Q052.jpg|0|Selamat datang ke Institus Teknologi Sepuluh Nopember
Q052.jpg|1|Kami berharap bahwa Anda menjadi pemimpin terbaik di masa depan
Q052.jpg|2|Berikut adalah beberapa fakultas yang tersedia di ITS: Fakultas Teknik, Fakultas Ekonomi, Fakultas Sains dan Teknologi Informasi, dan Fakultas Kedokteran
Q052.jpg|3|Jadilah pemimpin yang berwujud dan berkualitas di ITS
Q052.jpg|4|Bersama-sama kita membentuk masa depan yang lebih baik untuk ITS dan masyarakat
Q053.jpg|0|Selamat datang ke Infinite Park, ITS!
Q053.jpg|1|Kami adalah tim pengembangan aplikasi IT yang berhasil menjadi finalis di prestigius internasional.
Q053.jpg|2|Bersama kami untuk membentuk inovasi baru dalam bidang teknologi informasi.
Q053.jpg|3|Jadilah bagian dari tim yang berusaha untuk mengembangkan solusi terbaik untuk masalah IT di Indonesia.
Q053.jpg|4|Hidup bersama kami dan jadilah bagian dari generasi IT yang akan membentuk sejarah di ITS!
Q054.jpg|0|Institut Teknologi Sepuluh Nopember, ITS Park, UNIVERSITAS SUMATERA PUTRA, SUPPORTED BY 2019
Q054.jpg|1|Institut Teknologi Sepuluh Nopember, ITS Park, UNIVERSITAS SUMATERA PUTRA, SUPPORTED BY 2019
Q054.jpg|2|Institut Teknologi Sepuluh Nopember, ITS Park, UNIVERSITAS SUMATERA PUTRA, SUPPORTED BY 2019
Q054.jpg|3|Institut Teknologi Sepuluh Nopember, ITS Park, UNIVERSITAS SUMATERA PUTRA, SUPPORTED BY 2019
Q054.jpg|4|Institut Teknologi Sepuluh Nopember, ITS Park, UNIVERSITAS SUMATERA PUTRA, SUPPORTED BY 2019
Q055.jpg|0|Institut Teknologi Sepuluh Nopember
Q055.jpg|1|Institut Teknologi Sepuluh Nopember
Q055.jpg|2|Institut Teknologi Sepuluh Nopember
Q055.jpg|3|Institut Teknologi Sepuluh Nopember
Q055.jpg|4|Institut Teknologi Sepuluh Nopember
Q056.jpg|0|Fakultas Teknik dan Informasi
Q056.jpg|1|Institut Teknologi Sepuluh Nopember
Q056.jpg|2|Sistem Informasi dan Komputer
Q056.jpg|3|Dewan Konsultan
Q056.jpg|4|Jl. Prof. Dr. Soedjatomo 10, Surabaya
Q057.jpg|0|Fakultas Teknik Universitas Negeri Sembilan
Q057.jpg|1|Jl. Raya Pahlawan 1, Bandung
Q057.jpg|2|Telp: (025) 847-3697
Q057.jpg|3|Email: faktek@unneg.ac.id
Q057.jpg|4|Website: www.faktek.unneg.ac.id
